{
    "CalibrationInformation": {
        "Cameras": [
            {
                "Intrinsics": {
                    "ModelParameterCount": 14,
                    "ModelParameters": [
                        0.50543749332427979,
                        0.49776715040206909,
                        0.49197560548782349,
                        0.492144912481308,
                        2.1142036914825439,
                        1.2178173065185547,
                        0.059671200811862946,
                        2.4495978355407715,
                        1.8818811178207397,
                        0.32386380434036255,
                        0,
                        0,
                        4.259483830537647E-5,
                        7.4805007898248732E-5
                    ],
                    "ModelType": "CALIBRATION_LensDistortionModelBrownConrady"
                },
                "Location": "CALIBRATION_CameraLocationD0",
                "Purpose": "CALIBRATION_CameraPurposeDepth",
                "MetricRadius": 1.7399997711181641,
                "Rt": {
                    "Rotation": [
                        1,
                        0,
                        0,
                        0,
                        1,
                        0,
                        0,
                        0,
                        1
                    ],
                    "Translation": [
                        0,
                        0,
                        0
                    ]
                },
                "SensorHeight": 1024,
                "SensorWidth": 1024,
                "Shutter": "CALIBRATION_ShutterTypeUndefined",
                "ThermalAdjustmentParams": {
                    "Params": [
                        0,
                        0,
                        0,
                        0,
                        0,
                        0,
                        0,
                        0,
                        0,
                        0,
                        0,
                        0
                    ]
                }
            },
            {
                "Intrinsics": {
                    "ModelParameterCount": 14,
                    "ModelParameters": [
                        0.49961778521537781,
                        0.50707048177719116,
                        0.47331658005714417,
                        0.63100129365921021,
                        0.43975433707237244,
                        -2.7271299362182617,
                        1.6047524213790894,
                        0.310678094625473,
                        -2.5266492366790771,
                        1.5181654691696167,
                        0,
                        0,
                        -0.00012537800648715347,
                        0.000460379000287503
                    ],
                    "ModelType": "CALIBRATION_LensDistortionModelBrownConrady"
                },
                "Location": "CALIBRATION_CameraLocationPV0",
                "Purpose": "CALIBRATION_CameraPurposePhotoVideo",
                "MetricRadius": 0,
                "Rt": {
                    "Rotation": [
                        0.99998801946640015,
                        0.00469170231372118,
                        0.0014111335622146726,
                        -0.0048129428178071976,
                        0.99457466602325439,
                        0.10391402989625931,
                        -0.0009159439941868186,
                        -0.10391957312822342,
                        0.99458527565002441
                    ],
                    "Translation": [
                        -0.031968835741281509,
                        -0.0020598466508090496,
                        0.0039574145339429379
                    ]
                },
                "SensorHeight": 3072,
                "SensorWidth": 4096,
                "Shutter": "CALIBRATION_ShutterTypeUndefined",
                "ThermalAdjustmentParams": {
                    "Params": [
                        0,
                        0,
                        0,
                        0,
                        0,
                        0,
                        0,
                        0,
                        0,
                        0,
                        0,
                        0
                    ]
                }
            }
        ],
        "InertialSensors": [
            {
                "BiasTemperatureModel": [
                    -0.025038842111825943,
                    0,
                    0,
                    0,
                    0.026978893205523491,
                    0,
                    0,
                    0,
                    -0.018727092072367668,
                    0,
                    0,
                    0
                ],
                "BiasUncertainty": [
                    9.9999997473787516E-5,
                    9.9999997473787516E-5,
                    9.9999997473787516E-5
                ],
                "Id": "CALIBRATION_InertialSensorId_LSM6DSM",
                "MixingMatrixTemperatureModel": [
                    0.997390866279602,
                    0,
                    0,
                    0,
                    0.004966451320797205,
                    0,
                    0,
                    0,
                    0.0070505738258361816,
                    0,
                    0,
                    0,
                    0.0049763806164264679,
                    0,
                    0,
                    0,
                    0.995395302772522,
                    0,
                    0,
                    0,
                    -0.0066558858379721642,
                    0,
                    0,
                    0,
                    0.007088842336088419,
                    0,
                    0,
                    0,
                    -0.0066786594688892365,
                    0,
                    0,
                    0,
                    0.99202650785446167,
                    0,
                    0,
                    0
                ],
                "ModelTypeMask": 16,
                "Noise": [
                    0.00095000001601874828,
                    0.00095000001601874828,
                    0.00095000001601874828,
                    0,
                    0,
                    0
                ],
                "Rt": {
                    "Rotation": [
                        0.010717370547354221,
                        0.11609328538179398,
                        -0.993180513381958,
                        -0.999897301197052,
                        -0.008208099752664566,
                        -0.011749300174415112,
                        -0.0095161395147442818,
                        0.99320441484451294,
                        0.11599338799715042
                    ],
                    "Translation": [
                        0,
                        0,
                        0
                    ]
                },
                "SecondOrderScaling": [
                    0,
                    0,
                    0,
                    0,
                    0,
                    0,
                    0,
                    0,
                    0
                ],
                "SensorType": "CALIBRATION_InertialSensorType_Gyro",
                "TemperatureBounds": [
                    5,
                    60
                ],