{
    "CalibrationInformation": {
        "Cameras": [
            {
                "Intrinsics": {
                    "ModelParameterCount": 14,
                    "ModelParameters": [
                        0.50663059949874878,
                        0.49257680773735046,
                        0.49186399579048157,
                        0.49205473065376282,
                        21.147537231445313,
                        11.156257629394531,
                        0.44592943787574768,
                        21.461166381835938,
                        18.315517425537109,
                        2.6639876365661621,
                        0,
                        0,
                        7.5417949119582772E-5,
                        0.00014775774616282433
                    ],
                    "ModelType": "CALIBRATION_LensDistortionModelBrownConrady"
                },
                "Location": "CALIBRATION_CameraLocationD0",
                "Purpose": "CALIBRATION_CameraPurposeDepth",
                "MetricRadius": 1.7399997711181641,
                "Rt": {
                    "Rotation": [
                        1,
                        0,
                        0,
                        0,
                        1,
                        0,
                        0,
                        0,
                        1
                    ],
                    "Translation": [
                        0,
                        0,
                        0
                    ]
                },
                "SensorHeight": 1024,
                "SensorWidth": 1024,
                "Shutter": "CALIBRATION_ShutterTypeUndefined",
                "ThermalAdjustmentParams": {
                    "Params": [
                        0,
                        0,
                        0,
                        0,
                        0,
                        0,
                        0,
                        0,
                        0,
                        0,
                        0,
                        0
                    ]
                }
            },
            {
                "Intrinsics": {
                    "ModelParameterCount": 14,
                    "ModelParameters": [
                        0.50070935487747192,
                        0.50496494770050049,
                        0.47537624835968018,
                        0.63384515047073364,
                        0.454001784324646,
                        -3.0351648330688477,
                        1.8521569967269897,
                        0.32069757580757141,
                        -2.8126780986785889,
                        1.7503421306610107,
                        0,
                        0,
                        -0.00024857273092493415,
                        6.3994346419349313E-5
                    ],
                    "ModelType": "CALIBRATION_LensDistortionModelBrownConrady"
                },
                "Location": "CALIBRATION_CameraLocationPV0",
                "Purpose": "CALIBRATION_CameraPurposePhotoVideo",
                "MetricRadius": 0,
                "Rt": {
                    "Rotation": [
                        0.999993622303009,
                        0.00357235805131495,
                        5.6784527259878814E-5,
                        -0.0035579183604568243,
                        0.99425041675567627,
                        0.10702095180749893,
                        0.00032585914595983922,
                        -0.10702047497034073,
                        0.99425673484802246
                    ],
                    "Translation": [
                        -0.031922247260808945,
                        -0.0018947120988741517,
                        0.0039227427914738655
                    ]
                },
                "SensorHeight": 3072,
                "SensorWidth": 4096,
                "Shutter": "CALIBRATION_ShutterTypeUndefined",
                "ThermalAdjustmentParams": {
                    "Params": [
                        0,
                        0,
                        0,
                        0,
                        0,
                        0,
                        0,
                        0,
                        0,
                        0,
                        0,
                        0
                    ]
                }
            }
        ],
        "InertialSensors": [
            {
                "BiasTemperatureModel": [
                    -0.031025724485516548,
                    0,
                    0,
                    0,
                    0.035377103835344315,
                    0,
                    0,
                    0,
                    -0.022566648200154305,
                    0,
                    0,
                    0
                ],
                "BiasUncertainty": [
                    9.9999997473787516E-5,
                    9.9999997473787516E-5,
                    9.9999997473787516E-5
                ],
                "Id": "CALIBRATION_InertialSensorId_LSM6DSM",
                "MixingMatrixTemperatureModel": [
                    1.0012813806533813,
                    0,
                    0,
                    0,
                    0.0029920588713139296,
                    0,
                    0,
                    0,
                    -0.0016678438987582922,
                    0,
                    0,
                    0,
                    0.0029999979306012392,
                    0,
                    0,
                    0,
                    0.99862879514694214,
                    0,
                    0,
                    0,
                    -2.8534721423056908E-5,
                    0,
                    0,
                    0,
                    -0.0016915929736569524,
                    0,
                    0,
                    0,
                    -2.8864449632237665E-5,
                    0,
                    0,
                    0,
                    0.98721510171890259,
                    0,
                    0,
                    0
                ],
                "ModelTypeMask": 16,
                "Noise": [
                    0.00095000001601874828,
                    0.00095000001601874828,
                    0.00095000001601874828,
                    0,
                    0,
                    0
                ],
                "Rt": {
                    "Rotation": [
                        0.012600713409483433,
                        0.11263492703437805,
                        -0.993556559085846,
                        -0.99990648031234741,
                        -0.0038628103211522102,
                        -0.013119155541062355,
                        -0.005315595306456089,
                        0.99362891912460327,
                        0.1125757172703743
                    ],
                    "Translation": [
                        0,
                        0,
                        0
                    ]
                },
                "SecondOrderScaling": [
                    0,
                    0,
                    0,
                    0,
                    0,
                    0,
                    0,
                    0,
                    0
                ],
                "SensorType": "CALIBRATION_InertialSensorType_Gyro",
                "TemperatureBounds": [
                    5,
                    60
                ],