{"intrinsics": [[607.46142578125, 0.0, 642.6849365234375], [0.0, 607.2731323242188, 364.63818359375], [0.0, 0.0, 1.0]], "distortions": [0.6112022399902344, -3.0245425701141357, 0.0003627542464528233, -6.995165313128382e-05, 1.7275364398956299, 0.4768114984035492, -2.815335988998413, 1.637938380241394], "rotation_matrix": [[-0.039542112227378134, 0.9992033172519215, -0.005399273409760652], [0.3411647075579893, 0.00842195040416116, -0.9399658042015473], [-0.9391714772486807, -0.039010274853502, -0.3412259292292793]], "translation": [0.043504251996009304, 0.029654961748748557, 1.238297801251415]}